"","sampledate","relbiovol","cellsmL","daynum","MoYr","Yr","Mo"
"1",1995-01-24,3.221,1615.1007,24,"01/01/1995",1995,1
"2",1995-03-28,0.194,35.072,87,"03/01/1995",1995,3
"3",1995-04-11,0.071,35.072,101,"04/01/1995",1995,4
"4",1995-04-24,0.096,101.86,114,"04/01/1995",1995,4
"5",1995-05-23,98.152,22636.8534,143,"05/01/1995",1995,5
"6",1995-06-06,34.571,1679.6974,157,"06/01/1995",1995,6
"7",1995-06-20,71.197,13735.6517,171,"06/01/1995",1995,6
"8",1995-07-06,99.763,104182.5091,187,"07/01/1995",1995,7
"9",1995-07-18,99.229,49437.962,199,"07/01/1995",1995,7
"10",1995-08-02,97.87,264472.3888,214,"08/01/1995",1995,8
"11",1995-08-14,99.575,1093399.6866,226,"08/01/1995",1995,8
"12",1995-08-30,95.731,471682.2763,242,"08/01/1995",1995,8
"13",1995-09-05,0.05,920.311,248,"09/01/1995",1995,9
"14",1995-09-11,85.091,258765.652,254,"09/01/1995",1995,9
"15",1995-09-25,94.569,123190.9099,268,"09/01/1995",1995,9
"16",1995-10-11,89.825,170667.1722,284,"10/01/1995",1995,10
"17",1995-11-07,22.183,31216.4968,311,"11/01/1995",1995,11
"18",1995-12-06,54.843,47453.9507,340,"12/01/1995",1995,12
"19",1996-02-06,58.537,19209.7756,37,"02/01/1996",1996,2
"20",1996-04-09,3.98,20232.346,100,"04/01/1996",1996,4
"21",1996-04-16,2.362,26486.162,107,"04/01/1996",1996,4
"22",1996-05-01,23.226,16967.1523,122,"05/01/1996",1996,5
"23",1996-05-14,41.837,2810.938,135,"05/01/1996",1996,5
"24",1996-05-28,52.269,7946.5958,149,"05/01/1996",1996,5
"25",1996-06-10,38.879,6013.9397,162,"06/01/1996",1996,6
"26",1996-06-26,22.553,5039.1138,178,"06/01/1996",1996,6
"27",1996-07-08,84.225,341070.5879,190,"07/01/1996",1996,7
"28",1996-07-22,99.508,216109.723,204,"07/01/1996",1996,7
"29",1996-08-05,96.622,97589.7806,218,"08/01/1996",1996,8
"30",1996-08-19,93.827,97987.6382,232,"08/01/1996",1996,8
"31",1996-09-05,95.995,106038.4922,249,"09/01/1996",1996,9
"32",1996-09-17,85.679,132349.3313,261,"09/01/1996",1996,9
"33",1996-10-16,85.18,21913.7735,290,"10/01/1996",1996,10
"34",1996-11-25,4.155,17023.5081,330,"11/01/1996",1996,11
"35",1997-02-17,15.846,4137.634,48,"02/01/1997",1997,2
"36",1997-04-09,0.306,13202.281,99,"04/01/1997",1997,4
"37",1997-05-13,2.943,5794.7976,133,"05/01/1997",1997,5
"38",1997-05-28,4.307,5187.884,148,"05/01/1997",1997,5
"39",1997-07-09,72.787,203194.4241,190,"07/01/1997",1997,7
"40",1997-07-23,57.956,371703.4433,204,"07/01/1997",1997,7
"41",1997-08-06,94.759,68954.3062,218,"08/01/1997",1997,8
"42",1997-08-18,93.615,293552.1864,230,"08/01/1997",1997,8
"43",1997-09-02,96.769,147181.395,245,"09/01/1997",1997,9
"44",1997-09-30,59.481,221687.8828,273,"09/01/1997",1997,9
"45",1997-10-30,22.192,29036.7939,303,"10/01/1997",1997,10
"46",1997-11-30,54.927,21348.6891,334,"11/01/1997",1997,11
"47",1998-02-06,1.846,1936.232,37,"02/01/1998",1998,2
"48",1998-03-13,0.096,5949.334,72,"03/01/1998",1998,3
"49",1998-03-26,0.616,14804.521,85,"03/01/1998",1998,3
"50",1998-04-10,0.914,4624.2252,100,"04/01/1998",1998,4
"51",1998-04-24,0.163,8176.151,114,"04/01/1998",1998,4
"52",1998-07-06,99.433,306062.1357,187,"07/01/1998",1998,7
"53",1998-07-23,95.066,565643.8773,204,"07/01/1998",1998,7
"54",1998-08-02,95.476,533251.9981,214,"08/01/1998",1998,8
"55",1998-08-18,97.752,955672.6989,230,"08/01/1998",1998,8
"56",1998-09-02,97.377,523884.0608,245,"09/01/1998",1998,9
"57",1998-09-28,95.354,471842.2271,271,"09/01/1998",1998,9
"58",1998-10-27,10.942,107540.4222,300,"10/01/1998",1998,10
"59",1998-11-23,16.698,14874.233,327,"11/01/1998",1998,11
"60",1999-01-25,50.871,26254.6137,25,"01/01/1999",1999,1
"61",1999-02-22,7.571,8212.18,53,"02/01/1999",1999,2
"62",1999-03-29,0.529,8436.132,88,"03/01/1999",1999,3
"63",1999-04-12,1.829,6521.8179,102,"04/01/1999",1999,4
"64",1999-04-26,88.148,5331.8145,116,"04/01/1999",1999,4
"65",1999-05-10,33.765,11034.065,130,"05/01/1999",1999,5
"66",1999-05-26,39.496,8540.083,146,"05/01/1999",1999,5
"67",1999-06-07,66.979,41903.6365,158,"06/01/1999",1999,6
"68",1999-06-21,98.411,1285412.6827,172,"06/01/1999",1999,6
"69",1999-07-06,98.461,657624.5529,187,"07/01/1999",1999,7
"70",1999-07-19,99.68,197940.5156,200,"07/01/1999",1999,7
"71",1999-08-02,71.079,268867.9488,214,"08/01/1999",1999,8
"72",1999-08-16,94.928,175593.6414,228,"08/01/1999",1999,8
"73",1999-08-30,64.242,553413.1197,242,"08/01/1999",1999,8
"74",1999-09-27,69.439,88925.5785,270,"09/01/1999",1999,9
"75",1999-10-26,77.434,122659.5264,299,"10/01/1999",1999,10
"76",1999-11-22,52.938,53463.4188,326,"11/01/1999",1999,11
"77",2000-01-24,7.562,8191.8989,24,"01/01/2000",2000,1
"78",2000-02-28,4.176,14327.421,59,"02/01/2000",2000,2
"79",2000-03-13,14.232,17956.36,73,"03/01/2000",2000,3
"80",2000-03-29,1.264,22398.12,89,"03/01/2000",2000,3
"81",2000-04-10,5.939,17085.4399,101,"04/01/2000",2000,4
"82",2000-04-25,7.11,12623.0703,116,"04/01/2000",2000,4
"83",2000-05-10,47.692,24999.2698,131,"05/01/2000",2000,5
"84",2000-05-22,74.674,20843.8927,143,"05/01/2000",2000,5
"85",2000-06-06,75.234,53383.6154,158,"06/01/2000",2000,6
"86",2000-06-19,99.015,183742.7345,171,"06/01/2000",2000,6
"87",2000-07-03,94.648,84208.6204,185,"07/01/2000",2000,7
"88",2000-07-17,97.289,207800.6269,199,"07/01/2000",2000,7
"89",2000-07-31,42.617,5820.3603,213,"07/01/2000",2000,7
"90",2000-08-16,98.967,212319.2137,229,"08/01/2000",2000,8
"91",2000-08-28,98.778,346235.0471,241,"08/01/2000",2000,8
"92",2000-09-25,76.604,131904.2921,269,"09/01/2000",2000,9
"93",2000-10-24,57.937,26825.3443,298,"10/01/2000",2000,10
"94",2001-01-17,35.391,6574.273,17,"01/01/2001",2001,1
"95",2001-03-07,1.918,18017.893,66,"03/01/2001",2001,3
"96",2001-04-10,0.414,15448.195,100,"04/01/2001",2001,4
"97",2001-04-23,4.599,18408.734,113,"04/01/2001",2001,4
"98",2001-05-07,7.685,3220.978,127,"05/01/2001",2001,5
"99",2001-05-21,35.167,7516.3956,141,"05/01/2001",2001,5
"100",2001-06-04,53.805,7332.1164,155,"06/01/2001",2001,6
"101",2001-06-18,53.43,1011.1062,169,"06/01/2001",2001,6
"102",2001-07-02,99.771,129369.2666,183,"07/01/2001",2001,7
"103",2001-07-16,98.742,78217.5676,197,"07/01/2001",2001,7
"104",2001-07-30,95.459,411855.7019,211,"07/01/2001",2001,7
"105",2001-08-13,96.655,426205.5732,225,"08/01/2001",2001,8
"106",2001-08-27,86.241,386585.8388,239,"08/01/2001",2001,8
"107",2001-09-26,77.712,269347.477,269,"09/01/2001",2001,9
"108",2001-10-22,32.482,16978.2204,295,"10/01/2001",2001,10
"109",2001-11-26,3.468,14184.1505,330,"11/01/2001",2001,11
"110",2001-11-28,60.176,13449.2672,332,"11/01/2001",2001,11
"111",2002-03-28,5.881,34080.8865,87,"03/01/2002",2002,3
"112",2002-04-08,2.167,26091.0614,98,"04/01/2002",2002,4
"113",2002-04-24,8.421,14580.0095,114,"04/01/2002",2002,4
"114",2002-05-06,41.789,5919.6456,126,"05/01/2002",2002,5
"115",2002-05-20,32.136,4938.7777,140,"05/01/2002",2002,5
"116",2002-06-03,45.032,5286.0734,154,"06/01/2002",2002,6
"117",2002-06-19,21.626,20924.6395,170,"06/01/2002",2002,6
"118",2002-07-01,85.334,113895.0414,182,"07/01/2002",2002,7
"119",2002-07-15,92.295,1000789.0516,196,"07/01/2002",2002,7
"120",2002-07-26,98.535,925569.0158,207,"07/01/2002",2002,7
"121",2002-08-12,98.869,1412804.3391,224,"08/01/2002",2002,8
"122",2002-08-26,98.057,1341690.3253,238,"08/01/2002",2002,8
"123",2003-01-21,0.52,11100.9966,21,"01/01/2003",2003,1
"124",2003-04-03,14.848,7767.202,93,"04/01/2003",2003,4
"125",2003-04-14,2.812,13534.3816,104,"04/01/2003",2003,4
"126",2003-04-28,47.099,5946.2138,118,"04/01/2003",2003,4
"127",2003-05-03,3.367,4341.7731,123,"05/01/2003",2003,5
"128",2003-05-27,31.677,7979.4124,147,"05/01/2003",2003,5
"129",2003-08-04,93.482,194784.6519,216,"08/01/2003",2003,8
"130",2003-08-18,89.19,255302.3304,230,"08/01/2003",2003,8
"131",2003-09-02,95.973,287790.714,245,"09/01/2003",2003,9
"132",2003-09-29,71.726,134953.1966,272,"09/01/2003",2003,9
"133",2003-10-27,36.148,44224.9508,300,"10/01/2003",2003,10
"134",2003-11-25,86.558,22005.2722,329,"11/01/2003",2003,11
"135",2004-02-05,10.619,4862.338,36,"02/01/2004",2004,2
"136",2004-03-29,0.96,22186.0898,89,"03/01/2004",2004,3
"137",2004-04-12,0.655,15298.4394,103,"04/01/2004",2004,4
"138",2004-04-26,23.909,8940.6686,117,"04/01/2004",2004,4
"139",2004-05-10,35.049,7543.3085,131,"05/01/2004",2004,5
"140",2004-05-24,80.43,17247.9499,145,"05/01/2004",2004,5
"141",2004-06-07,82.554,14323.6668,159,"06/01/2004",2004,6
"142",2004-06-21,96.956,129759.4191,173,"06/01/2004",2004,6
"143",2004-07-07,93.637,135543.4321,189,"07/01/2004",2004,7
"144",2004-07-19,99.106,110940.1388,201,"07/01/2004",2004,7
"145",2004-08-03,98.266,111644.2325,216,"08/01/2004",2004,8
"146",2004-08-16,98.515,117041.8059,229,"08/01/2004",2004,8
"147",2004-09-07,87.215,79042.9628,251,"09/01/2004",2004,9
"148",2004-10-05,98.454,83526.7801,279,"10/01/2004",2004,10
"149",2004-11-03,94.372,24076.6033,308,"11/01/2004",2004,11
"150",2005-01-31,5.756,5319.6199,31,"01/01/2005",2005,1
"151",2005-04-15,0.726,26311.4541,105,"04/01/2005",2005,4
"152",2005-04-25,0.913,18811.2057,115,"04/01/2005",2005,4
"153",2005-05-09,0.554,3312.4083,129,"05/01/2005",2005,5
"154",2005-05-23,0.338,4197.3085,143,"05/01/2005",2005,5
"155",2005-06-06,0.953,3686.6416,157,"06/01/2005",2005,6
"156",2005-06-20,97.086,52516.7549,171,"06/01/2005",2005,6
"157",2005-07-05,99.761,163171.9644,186,"07/01/2005",2005,7
"158",2005-07-18,99.712,165964.8813,199,"07/01/2005",2005,7
"159",2005-08-01,99.215,329959.1035,213,"08/01/2005",2005,8
"160",2005-08-15,4.388,21407.9702,227,"08/01/2005",2005,8
"161",2005-08-29,96.064,673412.9581,241,"08/01/2005",2005,8
"162",2005-09-26,83.961,253776.664,269,"09/01/2005",2005,9
"163",2005-11-02,99.015,97813.7169,306,"11/01/2005",2005,11
"164",2005-11-30,99.156,79441.3836,334,"11/01/2005",2005,11
"165",2006-03-06,26.125,13407.3465,65,"03/01/2006",2006,3
"166",2006-04-04,26.191,16236.0408,94,"04/01/2006",2006,4
"167",2006-04-17,11.518,18874.0744,107,"04/01/2006",2006,4
"168",2006-05-02,78.356,8359.5548,122,"05/01/2006",2006,5
"169",2006-05-15,10.147,5744.1527,135,"05/01/2006",2006,5
"170",2006-05-30,22.753,16400.0337,150,"05/01/2006",2006,5
"171",2006-06-12,82.189,176471.0536,163,"06/01/2006",2006,6
"172",2006-06-26,94.239,126126.4498,177,"06/01/2006",2006,6
"173",2006-07-10,74.829,62644.999,191,"07/01/2006",2006,7
"174",2006-07-24,98.055,89989.3787,205,"07/01/2006",2006,7
"175",2006-08-07,90.297,147864.7071,219,"08/01/2006",2006,8
"176",2006-08-21,81.955,148736.4014,233,"08/01/2006",2006,8
"177",2006-09-06,84.131,470827.6718,249,"09/01/2006",2006,9
"178",2006-10-02,98.993,133581.3912,275,"10/01/2006",2006,10
"179",2006-10-30,97.814,87926.1198,303,"10/01/2006",2006,10
"180",2006-11-27,91.357,21669.1098,331,"11/01/2006",2006,11
"181",2007-01-03,67.211,15688.1778,3,"01/01/2007",2007,1
"182",2007-02-19,3.943,15133.5798,50,"02/01/2007",2007,2
"183",2007-04-02,1.471,17425.3725,92,"04/01/2007",2007,4
"184",2007-04-16,0.91,15391.1131,106,"04/01/2007",2007,4
"185",2007-04-30,2.362,14401.1059,120,"04/01/2007",2007,4
"186",2007-05-14,50.031,8682.2595,134,"05/01/2007",2007,5
"187",2007-05-29,33.184,925.1928,149,"05/01/2007",2007,5
"188",2007-06-11,83.138,14810.8267,162,"06/01/2007",2007,6
"189",2007-06-25,98.869,111206.44,176,"06/01/2007",2007,6
"190",2007-07-09,98.196,159571.1584,190,"07/01/2007",2007,7
"191",2007-07-23,98.545,276016.7709,204,"07/01/2007",2007,7
"192",2007-08-06,94.736,590153.9862,218,"08/01/2007",2007,8
"193",2007-08-20,89.975,161270.5125,232,"08/01/2007",2007,8
"194",2007-09-04,97.135,321019.6985,247,"09/01/2007",2007,9
"195",2007-10-01,93.97,180892.623,274,"10/01/2007",2007,10
"196",2007-10-29,92.405,59771.3155,302,"10/01/2007",2007,10
"197",2007-11-26,73.917,18402.695,330,"11/01/2007",2007,11
"198",2008-02-13,40.541,42595.083,44,"02/01/2008",2008,2
"199",2008-04-14,0.127,20910.8117,105,"04/01/2008",2008,4
"200",2008-04-28,0.91,8856.5403,119,"04/01/2008",2008,4
"201",2008-05-12,1.532,6553.7603,133,"05/01/2008",2008,5
"202",2008-05-28,41.219,10491.8974,149,"05/01/2008",2008,5
"203",2008-06-09,72.822,10709.241,161,"06/01/2008",2008,6
"204",2008-06-23,96.926,63462.8404,175,"06/01/2008",2008,6
"205",2008-07-07,99.54,201387.0848,189,"07/01/2008",2008,7
"206",2008-07-21,99.371,186337.7945,203,"07/01/2008",2008,7
"207",2008-08-04,99.51,318742.4136,217,"08/01/2008",2008,8
"208",2008-08-18,99.396,432751.2649,231,"08/01/2008",2008,8
"209",2008-09-05,96.348,321933.0861,249,"09/01/2008",2008,9
"210",2008-09-29,98.394,363512.2128,273,"09/01/2008",2008,9
"211",2008-10-29,88.913,80383.944,303,"10/01/2008",2008,10
"212",2009-01-02,47.916,8856.1438,2,"01/01/2009",2009,1
"213",2009-04-15,2.483,9791.8595,105,"04/01/2009",2009,4
"214",2009-04-27,0.495,3996.2479,117,"04/01/2009",2009,4
"215",2009-05-11,1.371,16539.3788,131,"05/01/2009",2009,5
"216",2009-05-28,8.541,23967.4357,148,"05/01/2009",2009,5
"217",2009-06-09,5.348,3422.8239,160,"06/01/2009",2009,6
"218",2009-06-23,81.304,60512.8825,174,"06/01/2009",2009,6
"219",2009-07-06,99.028,160954.9087,187,"07/01/2009",2009,7
"220",2009-07-20,99.305,163052.6775,201,"07/01/2009",2009,7
"221",2009-08-05,97.419,264968.393,217,"08/01/2009",2009,8
"222",2009-08-19,94.886,393116.2844,231,"08/01/2009",2009,8
"223",2009-09-02,70.684,214766.2494,245,"09/01/2009",2009,9
"224",2009-09-30,97.597,134628.1237,273,"09/01/2009",2009,9
"225",2009-10-28,45.637,25415.6668,301,"10/01/2009",2009,10
"226",2009-12-03,14.176,21748.3171,337,"12/01/2009",2009,12
"227",2010-02-01,3.237,17264.8129,32,"02/01/2010",2010,2
"228",2010-03-29,0.33,17275.456,88,"03/01/2010",2010,3
"229",2010-04-13,0.799,34306.2687,103,"04/01/2010",2010,4
"230",2010-04-26,24.031,41990.3798,116,"04/01/2010",2010,4
"231",2010-05-10,32.694,14922.4123,130,"05/01/2010",2010,5
"232",2010-05-24,77.414,19262.2613,144,"05/01/2010",2010,5
"233",2010-06-07,65.255,129207.6795,158,"06/01/2010",2010,6
"234",2010-06-21,93.904,225160.9594,172,"06/01/2010",2010,6
"235",2010-07-05,85.707,360346.7162,186,"07/01/2010",2010,7
"236",2010-07-19,43.698,406990.272,200,"07/01/2010",2010,7
"237",2010-08-03,37.85,202378.5486,215,"08/01/2010",2010,8
"238",2010-08-16,92.064,515272.2594,228,"08/01/2010",2010,8
"239",2010-08-30,83.324,576938.0522,242,"08/01/2010",2010,8
"240",2010-10-05,71.592,127618.9164,278,"10/01/2010",2010,10
"241",2010-11-09,23.233,38062.784,313,"11/01/2010",2010,11
"242",2011-01-19,57.596,20607.1385,19,"01/01/2011",2011,1
"243",2011-04-18,1.306,41725.3074,108,"04/01/2011",2011,4
"244",2011-05-02,1.128,39772.4336,122,"05/01/2011",2011,5
"245",2011-05-17,3.923,57698.6087,137,"05/01/2011",2011,5
"246",2011-05-31,4.266,13193.2233,151,"05/01/2011",2011,5
"247",2011-06-13,97.009,34008.5915,164,"06/01/2011",2011,6
"248",2011-06-27,95.977,79242.5224,178,"06/01/2011",2011,6
"249",2011-07-11,99.172,111568.3442,192,"07/01/2011",2011,7
"250",2011-07-25,99.342,91611.2285,206,"07/01/2011",2011,7
"251",2011-08-04,95.195,83792.6001,216,"08/01/2011",2011,8
"252",2011-08-22,93.932,314198.3241,234,"08/01/2011",2011,8
"253",2011-09-12,83.826,329452.8977,255,"09/01/2011",2011,9
"254",2011-10-03,73.889,300593.8469,276,"10/01/2011",2011,10
"255",2011-10-31,4.197,85585.8867,304,"10/01/2011",2011,10
"256",2012-02-22,19.006,25545.0312,53,"02/01/2012",2012,2
"257",2012-03-21,14.869,45455.3834,81,"03/01/2012",2012,3
"258",2012-04-04,17.795,33226.8232,95,"04/01/2012",2012,4
"259",2012-04-17,19.158,8435.5403,108,"04/01/2012",2012,4
"260",2012-05-01,55.004,4852.7942,122,"05/01/2012",2012,5
"261",2012-05-14,16.434,13313.898,135,"05/01/2012",2012,5
"262",2012-05-29,45.061,35875.5606,150,"05/01/2012",2012,5
"263",2012-06-11,34.409,211708.4821,163,"06/01/2012",2012,6
"264",2012-06-25,96.318,689523.7688,177,"06/01/2012",2012,6
"265",2012-07-10,95.353,521905.4471,192,"07/01/2012",2012,7
"266",2012-07-23,93.965,661138.4846,205,"07/01/2012",2012,7
"267",2012-08-06,85.739,699203.8458,219,"08/01/2012",2012,8
"268",2012-08-20,69.525,778016.5671,233,"08/01/2012",2012,8
"269",2012-09-04,69.817,480937.1603,248,"09/01/2012",2012,9
"270",2012-10-01,4.41,198091.406,275,"10/01/2012",2012,10
"271",2012-10-29,9.381,38971.0797,303,"10/01/2012",2012,10
"272",2012-11-29,76.018,80876.9622,334,"11/01/2012",2012,11
"273",2013-02-12,0.724,17134.1137,43,"02/01/2013",2013,2
"274",2013-04-29,1.177,38875.8088,119,"04/01/2013",2013,4
"275",2013-05-14,15.526,52684.1414,134,"05/01/2013",2013,5
"276",2013-05-28,80.241,2997.3685,148,"05/01/2013",2013,5
"277",2013-06-10,17.885,7896.9239,161,"06/01/2013",2013,6
"278",2013-06-24,65.811,214060.8479,175,"06/01/2013",2013,6
"279",2013-07-08,88.955,244407.5851,189,"07/01/2013",2013,7
"280",2013-07-22,83.705,188672.6848,203,"07/01/2013",2013,7
"281",2013-08-05,95.815,372748.5014,217,"08/01/2013",2013,8
"282",2013-08-21,87.325,400116.8653,233,"08/01/2013",2013,8
"283",2013-09-04,87.27,625476.32,247,"09/01/2013",2013,9
"284",2013-09-30,62.562,653396.9852,273,"09/01/2013",2013,9
"285",2013-10-29,1.095,107685.7123,302,"10/01/2013",2013,10
"286",2013-12-02,0.662,40739.6122,336,"12/01/2013",2013,12
"287",2014-02-03,5.659,22207.5892,34,"02/01/2014",2014,2
"288",2014-04-29,1.603,38041.3841,119,"04/01/2014",2014,4
"289",2014-05-14,1.407,47851.7613,134,"05/01/2014",2014,5
"290",2014-05-28,8.894,47122.3509,148,"05/01/2014",2014,5
"291",2014-06-09,98.579,113235.7789,160,"06/01/2014",2014,6
"292",2014-06-23,98.887,198826.1949,174,"06/01/2014",2014,6
"293",2014-07-07,98.466,145201.4654,188,"07/01/2014",2014,7
"294",2014-07-21,79.741,520921.7313,202,"07/01/2014",2014,7
"295",2014-08-04,84.09,295747.4434,216,"08/01/2014",2014,8
"296",2014-08-20,86.208,660049.0095,232,"08/01/2014",2014,8
"297",2014-09-02,92.173,920165.4682,245,"09/01/2014",2014,9
"298",2014-09-28,57.644,266531.7701,271,"09/01/2014",2014,9
"299",2014-10-30,15.719,140357.2509,303,"10/01/2014",2014,10
"300",2015-02-11,67.201,40331.7827,42,"02/01/2015",2015,2
"301",2015-04-10,2.916,54156.7598,100,"04/01/2015",2015,4
"302",2015-04-24,9.164,99250.2448,114,"04/01/2015",2015,4
"303",2015-05-01,7.784,94331.7018,121,"05/01/2015",2015,5
"304",2015-05-13,10.193,144203.1512,133,"05/01/2015",2015,5
"305",2015-05-27,70.896,19950.1691,147,"05/01/2015",2015,5
"306",2015-06-08,99.893,96287.3402,159,"06/01/2015",2015,6
"307",2015-06-23,98.977,160492.5291,174,"06/01/2015",2015,6
"308",2015-07-08,97.959,250882.968,189,"07/01/2015",2015,7
"309",2015-07-20,94.772,322463.0041,201,"07/01/2015",2015,7
"310",2015-08-03,80.774,795720.3333,215,"08/01/2015",2015,8
"311",2015-08-18,91.402,586306.3332,230,"08/01/2015",2015,8
"312",2015-08-31,72.997,569567.4906,243,"08/01/2015",2015,8
"313",2015-10-07,92.88,212939.787,280,"10/01/2015",2015,10
"314",2015-11-02,24.726,101442.0159,306,"11/01/2015",2015,11
"315",2016-01-27,78.325,32845.1521,27,"01/01/2016",2016,1
"316",2016-03-28,32.263,99206.1549,88,"03/01/2016",2016,3
"317",2016-04-12,43.011,72740.7394,103,"04/01/2016",2016,4
"318",2016-04-25,42.628,76931.5166,116,"04/01/2016",2016,4
"319",2016-05-11,3.946,6334.1454,132,"05/01/2016",2016,5
"320",2016-05-23,3.084,4998.5392,144,"05/01/2016",2016,5
"321",2016-06-07,38.065,24106.3641,159,"06/01/2016",2016,6
"322",2016-06-20,93.421,323862.4687,172,"06/01/2016",2016,6
"323",2016-07-05,65.21,488607.7263,187,"07/01/2016",2016,7
"324",2016-07-18,72.121,569055.6097,200,"07/01/2016",2016,7
"325",2016-08-01,48.47,417905.9488,214,"08/01/2016",2016,8
"326",2016-08-15,89.87,839810.9385,228,"08/01/2016",2016,8
"327",2016-08-30,84.5,509146.5033,243,"08/01/2016",2016,8
"328",2016-10-04,52.813,237054.2735,278,"10/01/2016",2016,10
"329",2016-11-09,78.248,158741.0452,314,"11/01/2016",2016,11
"330",2017-02-06,32.918,28214.2301,37,"02/01/2017",2017,2
"331",2017-04-17,34.826,194430.753,107,"04/01/2017",2017,4
"332",2017-05-03,14.492,152315.1461,123,"05/01/2017",2017,5
"333",2017-05-15,12.452,152968.1406,135,"05/01/2017",2017,5
"334",2017-05-30,90.762,19990.2501,150,"05/01/2017",2017,5
"335",2017-06-12,99.362,204699.2317,163,"06/01/2017",2017,6
"336",2017-06-26,95.994,335065.1093,177,"06/01/2017",2017,6
"337",2017-07-10,37.279,350822.7385,191,"07/01/2017",2017,7
"338",2017-07-24,49.32,919421.3377,205,"07/01/2017",2017,7
"339",2017-08-07,69.165,774871.0064,219,"08/01/2017",2017,8
"340",2017-08-23,78.742,887346.4733,235,"08/01/2017",2017,8
"341",2017-09-06,65.621,416323.639,249,"09/01/2017",2017,9
"342",2017-09-25,90.228,426216.1745,268,"09/01/2017",2017,9
"343",2017-10-04,75.458,386218.538,277,"10/01/2017",2017,10
"344",2017-11-02,83.597,138619.1647,306,"11/01/2017",2017,11
"345",2017-12-19,32.317,60117.5673,353,"12/01/2017",2017,12
"346",2018-01-23,12.723,35063.242,23,"01/01/2018",2018,1
"347",2018-04-20,7.669,42617.2517,110,"04/01/2018",2018,4
"348",2018-05-07,12.57,53196.6096,127,"05/01/2018",2018,5
"349",2018-05-14,3.826,44740.8908,134,"05/01/2018",2018,5
"350",2018-05-29,98.642,120205.7407,149,"05/01/2018",2018,5
"351",2018-06-11,38.263,7687.2693,162,"06/01/2018",2018,6
"352",2018-06-25,91.726,147136.2636,176,"06/01/2018",2018,6
"353",2018-07-09,54.1,245147.5721,190,"07/01/2018",2018,7
"354",2018-07-23,88.186,578030.6749,204,"07/01/2018",2018,7
"355",2018-08-06,99.085,493689.7218,218,"08/01/2018",2018,8
"356",2018-08-22,88.323,474156.23,234,"08/01/2018",2018,8
"357",2018-09-04,92.704,273411.0201,247,"09/01/2018",2018,9
"358",2018-09-19,94.291,149085.4483,262,"09/01/2018",2018,9
"359",2018-10-02,96.962,132124.9474,275,"10/01/2018",2018,10
"360",2018-10-18,93.417,78486.8247,291,"10/01/2018",2018,10
"361",2018-10-29,89.535,67840.8294,302,"10/01/2018",2018,10
"362",2018-11-14,82.019,25573.5477,318,"11/01/2018",2018,11
"363",2018-11-30,66.11,13961.1135,334,"11/01/2018",2018,11
"364",2019-02-21,3.287,13952.1275,52,"02/01/2019",2019,2
"365",2019-04-03,1.499,20736.9304,93,"04/01/2019",2019,4
"366",2019-04-15,0.381,29394.617,105,"04/01/2019",2019,4
"367",2019-04-29,0.307,26646.4795,119,"04/01/2019",2019,4
"368",2019-05-13,9.921,11237.707,133,"05/01/2019",2019,5
"369",2019-05-28,44.355,5086.7838,148,"05/01/2019",2019,5
"370",2019-06-11,1.553,10637.2854,162,"06/01/2019",2019,6
"371",2019-06-24,98.237,42360.1436,175,"06/01/2019",2019,6
"372",2019-07-08,99.236,113629.9786,189,"07/01/2019",2019,7
"373",2019-07-22,99.644,360280.1381,203,"07/01/2019",2019,7
"374",2019-08-05,96.078,395457.7586,217,"08/01/2019",2019,8
"375",2019-08-21,97.001,526299.8342,233,"08/01/2019",2019,8
"376",2019-09-04,98.84,452764.3075,247,"09/01/2019",2019,9
"377",2019-10-04,99.786,824582.9249,277,"10/01/2019",2019,10
"378",2019-10-28,95.344,61198.1627,301,"10/01/2019",2019,10
"379",2019-11-20,56.475,26120.025,324,"11/01/2019",2019,11
"380",2020-02-12,0.946,18749.2787,43,"02/01/2020",2020,2
"381",2020-03-26,0.273,16205.1832,86,"03/01/2020",2020,3
"382",2020-05-07,0.311,7954.5185,128,"05/01/2020",2020,5
"383",2020-05-15,37.276,18568.3307,136,"05/01/2020",2020,5
"384",2020-06-02,30.19,14393.0969,154,"06/01/2020",2020,6
"385",2020-06-12,90.036,36081.1302,164,"06/01/2020",2020,6
"386",2020-06-24,98.746,254370.5304,176,"06/01/2020",2020,6
"387",2020-07-08,61.147,239372.3323,190,"07/01/2020",2020,7
"388",2020-07-22,81.674,472946.223,204,"07/01/2020",2020,7
"389",2020-08-06,99.169,593226.7101,219,"08/01/2020",2020,8
"390",2020-08-20,97.825,1026792.151,233,"08/01/2020",2020,8
"391",2020-09-18,87.661,381576.127,262,"09/01/2020",2020,9
"392",2020-10-08,44.233,175069.6796,282,"10/01/2020",2020,10
"393",2020-11-03,47.813,34455.637,308,"11/01/2020",2020,11
"394",2020-12-10,85.188,47521.9487,345,"12/01/2020",2020,12
